name,email
Matthew Tyler,tylerm49@myumanitoba.ca
Eric Johnson,eric123@myumanitoba.ca 
Torrance Richard,trich12@myumanitoba.ca
Faheem Abdul,fabdul123@myumanitoba.ca
Ryan Kevin,ryankev@myumanitoba.ca
Graham Waltz,waltzg@myumanitoba.ca
